work_year,experience_level,salary_in_usd,remote_ratio,company_size,job_category,company_continent,employee_continent
2022,3-SE,"[150 000, 200 000[",100,M,DATA ENGINEERING,Americas,Americas
2022,3-SE,"[150 000, 200 000[",100,M,DATA ENGINEERING,Americas,Americas
2022,3-SE,"[200 000, 250 000[",100,M,ML ENGINEERING,Americas,Americas
2022,3-SE,"[150 000, 200 000[",100,M,ML ENGINEERING,Americas,Americas
2022,3-SE,"[100 000, 150 000[",100,M,DATA SCIENCE,Americas,Americas
2022,3-SE,"[100 000, 150 000[",100,M,DATA SCIENCE,Americas,Americas
2022,3-SE,"[150 000, 200 000[",100,M,DATA ARCHITECTURE,Americas,Americas
2022,3-SE,"[100 000, 150 000[",100,M,DATA ARCHITECTURE,Americas,Americas
2022,3-SE,"[100 000, 150 000[",100,M,DATA ANALYSIS,Americas,Americas
2022,3-SE,"[100 000, 150 000[",100,M,DATA ANALYSIS,Americas,Americas
2022,3-SE,"[150 000, 200 000[",100,M,DATA SCIENCE,Americas,Americas
2022,3-SE,"[100 000, 150 000[",100,M,DATA SCIENCE,Americas,Americas
2022,3-SE,"[150 000, 200 000[",100,M,DATA ENGINEERING,Americas,Americas
2022,3-SE,"[50 000, 100 000[",100,M,DATA ENGINEERING,Americas,Americas
2022,3-SE,"[200 000, 250 000[",0,M,DATA SCIENCE,Americas,Americas
2022,3-SE,"[100 000, 150 000[",0,M,DATA SCIENCE,Americas,Americas
2022,3-SE,"[150 000, 200 000[",100,L,ML ENGINEERING,Americas,Americas
2022,3-SE,"[100 000, 150 000[",100,L,ML ENGINEERING,Americas,Americas
2022,3-SE,"[150 000, 200 000[",100,M,DATA SCIENCE,Americas,Americas
2022,3-SE,"[100 000, 150 000[",100,M,DATA SCIENCE,Americas,Americas
2022,3-SE,"[200 000, 250 000[",100,M,DATA SCIENCE,Americas,Americas
2022,3-SE,"[150 000, 200 000[",100,M,DATA SCIENCE,Americas,Americas
2022,3-SE,"[150 000, 200 000[",100,M,DATA SCIENCE,Americas,Americas
2022,3-SE,"[100 000, 150 000[",100,M,DATA SCIENCE,Americas,Americas
2022,3-SE,"[100 000, 150 000[",0,M,DATA ANALYSIS,Americas,Americas
2022,3-SE,"[50 000, 100 000[",0,M,DATA ANALYSIS,Americas,Americas
2022,3-SE,"[150 000, 200 000[",100,M,DATA SCIENCE,Americas,Americas
2022,3-SE,"[100 000, 150 000[",100,M,DATA SCIENCE,Americas,Americas
2022,3-SE,"[150 000, 200 000[",100,M,DATA SCIENCE,Americas,Americas
2022,3-SE,"[100 000, 150 000[",100,M,DATA SCIENCE,Americas,Americas
2022,3-SE,"[150 000, 200 000[",100,M,DATA SCIENCE,Americas,Americas
2022,3-SE,"[100 000, 150 000[",100,M,DATA SCIENCE,Americas,Americas
2022,3-SE,"[200 000, 250 000[",100,M,DATA SCIENCE,Americas,Americas
2022,3-SE,"[150 000, 200 000[",100,M,DATA SCIENCE,Americas,Americas
2022,3-SE,"[150 000, 200 000[",100,M,DATA SCIENCE,Americas,Americas
2022,3-SE,"[100 000, 150 000[",100,M,DATA SCIENCE,Americas,Americas
2022,3-SE,"[150 000, 200 000[",100,M,DATA SCIENCE,Americas,Americas
2022,3-SE,"[100 000, 150 000[",100,M,DATA SCIENCE,Americas,Americas
2022,3-SE,"[150 000, 200 000[",100,M,DATA SCIENCE,Americas,Americas
2022,3-SE,"[100 000, 150 000[",100,M,DATA SCIENCE,Americas,Americas
2022,3-SE,"[150 000, 200 000[",0,M,DATA ENGINEERING,Americas,Americas
2022,3-SE,"[100 000, 150 000[",0,M,DATA ENGINEERING,Americas,Americas
2022,3-SE,"[100 000, 150 000[",100,M,ML ENGINEERING,Americas,Americas
2022,3-SE,"[50 000, 100 000[",100,M,ML ENGINEERING,Americas,Americas
2022,2-MI,"[100 000, 150 000[",100,M,DATA ENGINEERING,Americas,Americas
2022,2-MI,"[50 000, 100 000[",100,M,DATA ENGINEERING,Americas,Americas
2022,3-SE,"[100 000, 150 000[",0,M,DATA ENGINEERING,Americas,Americas
2022,3-SE,"[100 000, 150 000[",0,M,DATA ENGINEERING,Americas,Americas
2022,2-MI,"[150 000, 200 000[",100,L,DATA ANALYSIS,Americas,Americas
2022,3-SE,"[100 000, 150 000[",100,M,DATA ANALYSIS,Americas,Americas
2022,3-SE,"[100 000, 150 000[",100,M,DATA ANALYSIS,Americas,Americas
2022,3-SE,"[150 000, 200 000[",100,L,DATA ARCHITECTURE,Americas,Americas
2022,3-SE,"[100 000, 150 000[",100,L,DATA ARCHITECTURE,Americas,Americas
2022,3-SE,"[150 000, 200 000[",100,L,ML ENGINEERING,Americas,Americas
2022,3-SE,"[100 000, 150 000[",100,L,ML ENGINEERING,Americas,Americas
2022,3-SE,"[150 000, 200 000[",100,L,DATA ARCHITECTURE,Americas,Americas
2022,3-SE,"[100 000, 150 000[",100,L,DATA ARCHITECTURE,Americas,Americas
2022,3-SE,"[150 000, 200 000[",100,M,DATA ARCHITECTURE,Americas,Americas
2022,3-SE,"[100 000, 150 000[",100,M,DATA ARCHITECTURE,Americas,Americas
2022,3-SE,"[100 000, 150 000[",100,M,DATA ENGINEERING,Americas,Americas
2022,3-SE,"[50 000, 100 000[",100,M,DATA ENGINEERING,Americas,Americas
2022,3-SE,"[150 000, 200 000[",100,M,DATA ENGINEERING,Americas,Americas
2022,3-SE,"[50 000, 100 000[",100,M,DATA ENGINEERING,Americas,Americas
2022,3-SE,"[150 000, 200 000[",100,L,DATA ENGINEERING,Americas,Americas
2022,3-SE,"[100 000, 150 000[",100,L,DATA ENGINEERING,Americas,Americas
2022,3-SE,"[100 000, 150 000[",100,M,DATA ENGINEERING,Americas,Americas
2022,3-SE,"[100 000, 150 000[",100,M,DATA ENGINEERING,Americas,Americas
2022,3-SE,"[150 000, 200 000[",100,M,DATA ANALYSIS,Americas,Americas
2022,3-SE,"[100 000, 150 000[",100,M,DATA ANALYSIS,Americas,Americas
2022,2-MI,"[100 000, 150 000[",100,M,DATA ENGINEERING,Americas,Americas
2022,2-MI,"[50 000, 100 000[",100,M,DATA ENGINEERING,Americas,Americas
2022,3-SE,"[150 000, 200 000[",100,L,DATA SCIENCE,Americas,Americas
2022,3-SE,"[150 000, 200 000[",100,L,DATA SCIENCE,Americas,Americas
2022,3-SE,"[100 000, 150 000[",0,L,ML ENGINEERING,Americas,Americas
2022,3-SE,"[150 000, 200 000[",100,M,DATA ARCHITECTURE,Americas,Americas
2022,3-SE,"[100 000, 150 000[",100,M,DATA ARCHITECTURE,Americas,Americas
2022,3-SE,"[150 000, 200 000[",0,M,DATA SCIENCE,Americas,Americas
2022,3-SE,"[150 000, 200 000[",0,M,DATA SCIENCE,Americas,Americas
2022,3-SE,"[150 000, 200 000[",0,M,ML ENGINEERING,Americas,Americas
2022,3-SE,"[100 000, 150 000[",0,M,ML ENGINEERING,Americas,Americas
2022,4-EX,"[200 000, 250 000[",0,M,DATA SCIENCE,Americas,Americas
2022,4-EX,"[150 000, 200 000[",0,M,DATA SCIENCE,Americas,Americas
2022,2-MI,"[150 000, 200 000[",0,M,DATA ENGINEERING,Americas,Americas
2022,2-MI,"[100 000, 150 000[",0,M,DATA ENGINEERING,Americas,Americas
2022,3-SE,"[100 000, 150 000[",100,M,DATA ANALYSIS,Americas,Americas
2022,3-SE,"[100 000, 150 000[",100,M,DATA ANALYSIS,Americas,Americas
2022,4-EX,"[250 000, 300 000[",100,M,DATA ENGINEERING,Americas,Americas
2022,4-EX,"[250 000, 300 000[",100,M,DATA ENGINEERING,Americas,Americas
2022,1-EN,"[50 000, 100 000[",0,M,DATA SCIENCE,Americas,Americas
2022,1-EN,"[50 000, 100 000[",0,M,DATA SCIENCE,Americas,Americas
2022,2-MI,"[100 000, 150 000[",100,M,DATA ENGINEERING,Americas,Americas
2022,2-MI,"[50 000, 100 000[",100,M,DATA ENGINEERING,Americas,Americas
2022,3-SE,"[100 000, 150 000[",100,M,DATA SCIENCE,Americas,Americas
2022,3-SE,"[100 000, 150 000[",100,M,DATA SCIENCE,Americas,Americas
2022,3-SE,"[250 000, 300 000[",100,M,DATA ARCHITECTURE,Americas,Americas
2022,3-SE,"[50 000, 100 000[",100,M,DATA ARCHITECTURE,Americas,Americas
2022,2-MI,"[100 000, 150 000[",0,M,DATA SCIENCE,Americas,Americas
2022,2-MI,"[50 000, 100 000[",0,M,DATA SCIENCE,Americas,Americas
2022,3-SE,"[150 000, 200 000[",100,M,DATA SCIENCE,Americas,Americas
2022,3-SE,"[100 000, 150 000[",100,M,DATA SCIENCE,Americas,Americas
2022,2-MI,"[100 000, 150 000[",100,M,DATA ANALYSIS,Americas,Americas
2022,2-MI,"[100 000, 150 000[",100,M,DATA ANALYSIS,Americas,Americas
2022,3-SE,"[150 000, 200 000[",100,M,DATA SCIENCE,Americas,Americas
2022,3-SE,"[100 000, 150 000[",100,M,DATA SCIENCE,Americas,Americas
2022,3-SE,"[200 000, 250 000[",0,M,DATA ENGINEERING,Americas,Americas
2022,3-SE,"[150 000, 200 000[",0,M,DATA ENGINEERING,Americas,Americas
2022,3-SE,>300 000,0,M,DATA ENGINEERING,Americas,Americas
2022,3-SE,"[100 000, 150 000[",0,M,DATA ENGINEERING,Americas,Americas
2022,3-SE,"[250 000, 300 000[",100,M,DATA ENGINEERING,Americas,Americas
2022,3-SE,"[50 000, 100 000[",100,M,DATA ENGINEERING,Americas,Americas
2022,3-SE,"[150 000, 200 000[",100,M,DATA ENGINEERING,Americas,Americas
2022,3-SE,"[150 000, 200 000[",100,M,DATA ENGINEERING,Americas,Americas
2022,3-SE,"[250 000, 300 000[",100,M,DATA ENGINEERING,Americas,Americas
2022,3-SE,"[50 000, 100 000[",100,M,DATA ENGINEERING,Americas,Americas
2022,3-SE,"[150 000, 200 000[",100,M,DATA SCIENCE,Americas,Americas
2022,3-SE,"[100 000, 150 000[",100,M,DATA SCIENCE,Americas,Americas
2022,2-MI,"[50 000, 100 000[",100,L,DATA ANALYSIS,Americas,Americas
2022,3-SE,"[200 000, 250 000[",100,M,DATA SCIENCE,Americas,Americas
2022,3-SE,"[100 000, 150 000[",100,M,DATA SCIENCE,Americas,Americas
2022,3-SE,"[150 000, 200 000[",0,M,DATA SCIENCE,Americas,Americas
2022,3-SE,"[100 000, 150 000[",0,M,DATA SCIENCE,Americas,Americas
2022,3-SE,"[150 000, 200 000[",100,M,DATA ANALYSIS,Americas,Americas
2022,3-SE,"[100 000, 150 000[",100,M,DATA ANALYSIS,Americas,Americas
2022,3-SE,"[100 000, 150 000[",0,M,DATA ENGINEERING,Americas,Americas
2022,3-SE,"[100 000, 150 000[",0,M,DATA ENGINEERING,Americas,Americas
2022,3-SE,"[150 000, 200 000[",100,M,DATA SCIENCE,Americas,Americas
2022,3-SE,"[150 000, 200 000[",100,M,DATA SCIENCE,Americas,Americas
2022,3-SE,"[150 000, 200 000[",100,M,DATA SCIENCE,Americas,Americas
2022,3-SE,"[100 000, 150 000[",100,M,DATA SCIENCE,Americas,Americas
2022,3-SE,"[150 000, 200 000[",100,M,DATA SCIENCE,Americas,Americas
2022,3-SE,"[100 000, 150 000[",100,M,DATA SCIENCE,Americas,Americas
2022,3-SE,"[150 000, 200 000[",100,M,DATA SCIENCE,Americas,Americas
2022,3-SE,"[100 000, 150 000[",100,M,DATA SCIENCE,Americas,Americas
2022,2-MI,"[50 000, 100 000[",0,M,DATA ANALYSIS,Americas,Americas
2022,3-SE,"[150 000, 200 000[",100,M,DATA SCIENCE,Americas,Americas
2022,3-SE,"[100 000, 150 000[",100,M,DATA SCIENCE,Americas,Americas
2022,3-SE,"[150 000, 200 000[",100,M,DATA SCIENCE,Americas,Americas
2022,3-SE,"[100 000, 150 000[",100,M,DATA SCIENCE,Americas,Americas
2022,3-SE,"[150 000, 200 000[",100,M,DATA SCIENCE,Americas,Americas
2022,3-SE,"[100 000, 150 000[",100,M,DATA SCIENCE,Americas,Americas
2022,3-SE,"[150 000, 200 000[",100,M,DATA SCIENCE,Americas,Americas
2022,3-SE,"[100 000, 150 000[",100,M,DATA SCIENCE,Americas,Americas
2022,3-SE,"[150 000, 200 000[",0,M,DATA SCIENCE,Americas,Americas
2022,3-SE,"[100 000, 150 000[",0,M,DATA SCIENCE,Americas,Americas
2022,3-SE,"[100 000, 150 000[",0,L,DATA ANALYSIS,Americas,Americas
2022,3-SE,"[50 000, 100 000[",100,M,DATA ANALYSIS,Americas,Americas
2022,3-SE,"[50 000, 100 000[",100,M,DATA ANALYSIS,Americas,Americas
2022,1-EN,"[0,50 000[",100,L,DATA ANALYSIS,Americas,Americas
2022,1-EN,"[50 000, 100 000[",100,L,DATA ENGINEERING,Americas,Americas
2022,4-EX,"[200 000, 250 000[",100,S,ML ENGINEERING,Americas,Americas
2022,4-EX,"[150 000, 200 000[",100,S,ML ENGINEERING,Americas,Americas
2022,4-EX,"[200 000, 250 000[",100,S,DATA SCIENCE,Americas,Americas
2022,3-SE,"[200 000, 250 000[",0,M,DATA SCIENCE,Americas,Americas
2022,3-SE,"[100 000, 150 000[",0,M,DATA SCIENCE,Americas,Americas
2022,3-SE,"[250 000, 300 000[",0,M,DATA ANALYSIS,Americas,Americas
2022,3-SE,"[50 000, 100 000[",0,M,DATA ANALYSIS,Americas,Americas
2022,3-SE,"[150 000, 200 000[",100,M,DATA SCIENCE,Americas,Americas
2022,3-SE,"[100 000, 150 000[",100,M,DATA SCIENCE,Americas,Americas
2022,3-SE,"[150 000, 200 000[",100,M,DATA SCIENCE,Americas,Americas
2022,3-SE,"[100 000, 150 000[",100,M,DATA SCIENCE,Americas,Americas
2022,3-SE,"[150 000, 200 000[",100,M,DATA SCIENCE,Americas,Americas
2022,3-SE,"[100 000, 150 000[",100,M,DATA SCIENCE,Americas,Americas
2022,3-SE,"[50 000, 100 000[",100,M,DATA SCIENCE,Americas,Americas
2022,3-SE,"[50 000, 100 000[",100,M,DATA SCIENCE,Americas,Americas
2022,2-MI,"[100 000, 150 000[",0,L,DATA ANALYSIS,Americas,Americas
2022,3-SE,"[150 000, 200 000[",100,M,DATA SCIENCE,Americas,Americas
2022,3-SE,"[100 000, 150 000[",100,M,DATA SCIENCE,Americas,Americas
2022,2-MI,"[100 000, 150 000[",100,L,DATA ANALYSIS,Americas,Americas
2022,2-MI,"[100 000, 150 000[",100,M,DATA ANALYSIS,Americas,Americas
2022,3-SE,"[150 000, 200 000[",0,M,DATA SCIENCE,Americas,Americas
2022,3-SE,"[100 000, 150 000[",0,M,DATA SCIENCE,Americas,Americas
2022,3-SE,"[250 000, 300 000[",0,M,DATA ANALYSIS,Americas,Americas
2022,3-SE,"[50 000, 100 000[",0,M,DATA ANALYSIS,Americas,Americas
2022,3-SE,"[150 000, 200 000[",0,L,DATA SCIENCE,Americas,Americas
2022,3-SE,"[100 000, 150 000[",0,L,DATA SCIENCE,Americas,Americas
2022,2-MI,"[100 000, 150 000[",50,L,DATA SCIENCE,Americas,Americas
2022,3-SE,"[100 000, 150 000[",0,M,DATA ENGINEERING,Americas,Americas
2022,3-SE,"[50 000, 100 000[",0,M,DATA ENGINEERING,Americas,Americas
2022,3-SE,"[100 000, 150 000[",100,M,DATA ARCHITECTURE,Americas,Americas
2022,3-SE,"[100 000, 150 000[",100,M,DATA ARCHITECTURE,Americas,Americas
2022,2-MI,"[200 000, 250 000[",0,M,DATA SCIENCE,Americas,Americas
2022,2-MI,"[150 000, 200 000[",0,M,DATA SCIENCE,Americas,Americas
2022,3-SE,"[200 000, 250 000[",0,M,DATA ANALYSIS,Americas,Americas
2022,3-SE,"[150 000, 200 000[",0,M,DATA ANALYSIS,Americas,Americas
2022,3-SE,"[200 000, 250 000[",0,M,DATA ANALYSIS,Americas,Americas
2022,3-SE,"[150 000, 200 000[",0,M,DATA ANALYSIS,Americas,Americas
2022,3-SE,"[250 000, 300 000[",0,M,DATA ENGINEERING,Americas,Americas
2022,3-SE,"[50 000, 100 000[",0,M,DATA ENGINEERING,Americas,Americas
2022,3-SE,"[150 000, 200 000[",100,M,ML ENGINEERING,Americas,Americas
2022,3-SE,"[100 000, 150 000[",100,M,ML ENGINEERING,Americas,Americas
2022,1-EN,"[50 000, 100 000[",0,L,DATA SCIENCE,Americas,Americas
2022,2-MI,"[150 000, 200 000[",50,M,ML ENGINEERING,Americas,Americas
2022,3-SE,"[200 000, 250 000[",0,M,DATA SCIENCE,Americas,Americas
2022,3-SE,"[150 000, 200 000[",0,M,DATA SCIENCE,Americas,Americas
2022,3-SE,"[150 000, 200 000[",100,M,ML ENGINEERING,Americas,Americas
2022,3-SE,"[100 000, 150 000[",100,M,ML ENGINEERING,Americas,Americas
2022,2-MI,"[150 000, 200 000[",100,M,DATA SCIENCE,Americas,Americas
2022,2-MI,"[100 000, 150 000[",100,M,DATA SCIENCE,Americas,Americas
2022,3-SE,"[150 000, 200 000[",100,M,DATA SCIENCE,Americas,Americas
2022,3-SE,"[100 000, 150 000[",100,M,DATA SCIENCE,Americas,Americas
2022,4-EX,"[200 000, 250 000[",100,M,DATA ANALYSIS,Americas,Americas
2022,4-EX,"[150 000, 200 000[",100,M,DATA ANALYSIS,Americas,Americas
2022,3-SE,"[200 000, 250 000[",0,M,DATA ANALYSIS,Americas,Americas
2022,3-SE,"[100 000, 150 000[",0,M,DATA ANALYSIS,Americas,Americas
2022,3-SE,"[250 000, 300 000[",0,M,DATA ARCHITECTURE,Americas,Americas
2022,3-SE,"[50 000, 100 000[",0,M,DATA ARCHITECTURE,Americas,Americas
2022,3-SE,"[100 000, 150 000[",100,M,DATA ENGINEERING,Americas,Americas
2022,3-SE,"[50 000, 100 000[",100,M,DATA ENGINEERING,Americas,Americas
2022,3-SE,"[100 000, 150 000[",100,M,ML ENGINEERING,Americas,Americas
2022,3-SE,"[50 000, 100 000[",100,M,ML ENGINEERING,Americas,Americas
2022,3-SE,"[200 000, 250 000[",100,M,DATA SCIENCE,Americas,Americas
2022,3-SE,"[150 000, 200 000[",100,M,DATA SCIENCE,Americas,Americas
2022,3-SE,"[150 000, 200 000[",0,M,ML ENGINEERING,Americas,Americas
2022,3-SE,"[150 000, 200 000[",0,M,ML ENGINEERING,Americas,Americas
2022,3-SE,"[100 000, 150 000[",100,M,DATA ARCHITECTURE,Americas,Americas
2022,3-SE,"[100 000, 150 000[",100,M,DATA ARCHITECTURE,Americas,Americas
2022,3-SE,"[150 000, 200 000[",100,M,DATA ENGINEERING,Americas,Americas
2022,3-SE,"[100 000, 150 000[",100,M,DATA ENGINEERING,Americas,Americas
2022,3-SE,"[200 000, 250 000[",100,L,ML ENGINEERING,Americas,Americas
2022,3-SE,"[150 000, 200 000[",100,L,ML ENGINEERING,Americas,Americas
2022,3-SE,"[150 000, 200 000[",0,M,DATA ENGINEERING,Americas,Americas
2022,3-SE,"[100 000, 150 000[",0,M,DATA ENGINEERING,Americas,Americas
2022,3-SE,"[150 000, 200 000[",100,M,DATA ANALYSIS,Americas,Americas
2022,3-SE,"[100 000, 150 000[",100,M,DATA ANALYSIS,Americas,Americas
2022,3-SE,"[100 000, 150 000[",100,M,DATA ANALYSIS,Americas,Americas
2022,3-SE,"[50 000, 100 000[",100,M,DATA ANALYSIS,Americas,Americas
2022,3-SE,"[150 000, 200 000[",0,M,ML ENGINEERING,Americas,Americas
2022,3-SE,"[100 000, 150 000[",0,M,ML ENGINEERING,Americas,Americas
2022,3-SE,"[150 000, 200 000[",100,M,DATA ANALYSIS,Americas,Americas
2022,3-SE,"[100 000, 150 000[",100,M,DATA ANALYSIS,Americas,Americas
2022,3-SE,"[150 000, 200 000[",0,M,DATA ENGINEERING,Americas,Americas
2022,3-SE,"[100 000, 150 000[",0,M,DATA ENGINEERING,Americas,Americas
2022,3-SE,"[200 000, 250 000[",0,M,ML ENGINEERING,Americas,Americas
2022,3-SE,"[150 000, 200 000[",0,M,ML ENGINEERING,Americas,Americas
2022,3-SE,"[100 000, 150 000[",0,M,DATA SCIENCE,Americas,Americas
2022,3-SE,"[50 000, 100 000[",0,M,DATA SCIENCE,Americas,Americas
2022,3-SE,"[200 000, 250 000[",0,M,DATA SCIENCE,Americas,Americas
2022,3-SE,"[200 000, 250 000[",0,M,DATA SCIENCE,Americas,Americas
2022,3-SE,"[100 000, 150 000[",0,M,DATA ENGINEERING,Americas,Americas
2022,3-SE,"[100 000, 150 000[",0,M,DATA ENGINEERING,Americas,Americas
2022,3-SE,"[100 000, 150 000[",0,M,DATA ARCHITECTURE,Americas,Americas
2022,3-SE,"[100 000, 150 000[",0,M,DATA ARCHITECTURE,Americas,Americas
2022,3-SE,"[250 000, 300 000[",0,M,DATA ARCHITECTURE,Americas,Americas
2022,3-SE,"[50 000, 100 000[",0,M,DATA ARCHITECTURE,Americas,Americas
2022,3-SE,"[150 000, 200 000[",100,L,DATA SCIENCE,Americas,Americas
2022,3-SE,"[100 000, 150 000[",100,L,DATA SCIENCE,Americas,Americas
2022,3-SE,"[150 000, 200 000[",100,L,DATA ENGINEERING,Americas,Americas
2022,3-SE,"[100 000, 150 000[",100,L,DATA ENGINEERING,Americas,Americas
2022,2-MI,"[0,50 000[",0,M,DATA ENGINEERING,Americas,Americas
2022,2-MI,"[0,50 000[",0,M,DATA ENGINEERING,Americas,Americas
2022,3-SE,"[250 000, 300 000[",0,M,DATA ENGINEERING,Americas,Americas
2022,3-SE,"[50 000, 100 000[",0,M,DATA ENGINEERING,Americas,Americas
2022,3-SE,"[200 000, 250 000[",100,L,ML ENGINEERING,Americas,Americas
2022,3-SE,"[100 000, 150 000[",100,L,ML ENGINEERING,Americas,Americas
2022,3-SE,"[100 000, 150 000[",100,M,DATA ENGINEERING,Americas,Americas
2022,3-SE,"[100 000, 150 000[",100,M,DATA ENGINEERING,Americas,Americas
2022,1-EN,"[100 000, 150 000[",50,L,ML ENGINEERING,Americas,Americas
2022,2-MI,"[150 000, 200 000[",0,M,ML ENGINEERING,Americas,Americas
2022,2-MI,"[100 000, 150 000[",0,M,ML ENGINEERING,Americas,Americas
2022,3-SE,"[150 000, 200 000[",100,L,DATA SCIENCE,Americas,Americas
2022,3-SE,"[100 000, 150 000[",100,L,DATA SCIENCE,Americas,Americas
2022,2-MI,"[200 000, 250 000[",0,M,DATA ANALYSIS,Americas,Americas
2022,2-MI,"[100 000, 150 000[",0,M,DATA ANALYSIS,Americas,Americas
2022,3-SE,"[200 000, 250 000[",0,M,ML ENGINEERING,Americas,Americas
2022,3-SE,"[100 000, 150 000[",0,M,ML ENGINEERING,Americas,Americas
2022,1-EN,"[150 000, 200 000[",100,L,DATA ANALYSIS,Americas,Americas
2021,3-SE,"[250 000, 300 000[",50,L,DATA ARCHITECTURE,Americas,Americas
2022,4-EX,"[250 000, 300 000[",0,M,DATA SCIENCE,Americas,Americas
2022,4-EX,"[150 000, 200 000[",0,M,DATA SCIENCE,Americas,Americas
2022,3-SE,"[200 000, 250 000[",100,M,DATA ENGINEERING,Americas,Americas
2022,3-SE,"[100 000, 150 000[",100,M,DATA ENGINEERING,Americas,Americas
2022,1-EN,"[50 000, 100 000[",100,S,DATA ANALYSIS,Americas,Americas
2022,2-MI,"[100 000, 150 000[",100,M,DATA ANALYSIS,Americas,Americas
2022,3-SE,"[200 000, 250 000[",0,M,DATA ENGINEERING,Americas,Americas
2022,3-SE,"[50 000, 100 000[",0,M,DATA ENGINEERING,Americas,Americas
2022,2-MI,"[200 000, 250 000[",0,M,DATA ANALYSIS,Americas,Americas
2022,2-MI,"[50 000, 100 000[",0,M,DATA ANALYSIS,Americas,Americas
2022,3-SE,"[250 000, 300 000[",0,M,DATA ENGINEERING,Americas,Americas
2022,3-SE,"[50 000, 100 000[",0,M,DATA ENGINEERING,Americas,Americas
2022,3-SE,"[250 000, 300 000[",0,M,DATA ARCHITECTURE,Americas,Americas
2022,3-SE,"[50 000, 100 000[",0,M,DATA ARCHITECTURE,Americas,Americas
2022,3-SE,"[250 000, 300 000[",0,M,DATA ENGINEERING,Americas,Americas
2022,3-SE,"[50 000, 100 000[",0,M,DATA ENGINEERING,Americas,Americas
2022,1-EN,"[100 000, 150 000[",50,L,DATA ANALYSIS,Americas,Americas
2022,3-SE,"[100 000, 150 000[",0,L,DATA ENGINEERING,Americas,Americas
2022,3-SE,"[50 000, 100 000[",0,L,DATA ENGINEERING,Americas,Americas
2022,3-SE,"[150 000, 200 000[",0,L,DATA SCIENCE,Americas,Americas
2022,3-SE,"[100 000, 150 000[",0,L,DATA SCIENCE,Americas,Americas
2022,3-SE,"[200 000, 250 000[",100,L,DATA SCIENCE,Americas,Americas
2022,3-SE,"[100 000, 150 000[",100,L,DATA SCIENCE,Americas,Americas
2022,3-SE,"[200 000, 250 000[",0,M,DATA SCIENCE,Americas,Americas
2022,3-SE,"[150 000, 200 000[",0,M,DATA SCIENCE,Americas,Americas
2022,3-SE,"[150 000, 200 000[",100,M,DATA ENGINEERING,Americas,Americas
2022,3-SE,"[100 000, 150 000[",100,M,DATA ENGINEERING,Americas,Americas
2022,3-SE,"[100 000, 150 000[",100,M,DATA ANALYSIS,Americas,Americas
2022,3-SE,"[50 000, 100 000[",100,M,DATA ANALYSIS,Americas,Americas
2022,3-SE,"[150 000, 200 000[",100,M,ML ENGINEERING,Americas,Americas
2022,3-SE,"[100 000, 150 000[",100,M,ML ENGINEERING,Americas,Americas
2022,3-SE,"[100 000, 150 000[",100,M,DATA ANALYSIS,Americas,Americas
2022,3-SE,"[100 000, 150 000[",100,M,DATA ANALYSIS,Americas,Americas
2022,3-SE,"[150 000, 200 000[",100,L,DATA SCIENCE,Americas,Americas
2022,3-SE,"[50 000, 100 000[",100,L,DATA SCIENCE,Americas,Americas
2022,3-SE,"[200 000, 250 000[",100,M,DATA ENGINEERING,Americas,Americas
2022,3-SE,"[150 000, 200 000[",100,M,DATA ENGINEERING,Americas,Americas
2022,3-SE,"[100 000, 150 000[",100,M,DATA ANALYSIS,Americas,Americas
2022,3-SE,"[50 000, 100 000[",100,M,DATA ANALYSIS,Americas,Americas
2022,1-EN,"[100 000, 150 000[",100,L,DATA ENGINEERING,Americas,Americas
2022,1-EN,"[50 000, 100 000[",100,L,DATA ENGINEERING,Americas,Americas
2022,3-SE,"[150 000, 200 000[",0,L,DATA SCIENCE,Americas,Americas
2022,3-SE,"[100 000, 150 000[",0,L,DATA SCIENCE,Americas,Americas
2022,3-SE,"[100 000, 150 000[",100,L,DATA ANALYSIS,Americas,Americas
2022,2-MI,"[200 000, 250 000[",100,M,DATA SCIENCE,Americas,Americas
2022,1-EN,"[150 000, 200 000[",100,L,ML ENGINEERING,Americas,Americas
2022,2-MI,"[150 000, 200 000[",100,L,DATA SCIENCE,Americas,Americas
2022,3-SE,"[200 000, 250 000[",100,M,DATA ENGINEERING,Americas,Americas
2022,3-SE,"[100 000, 150 000[",100,M,DATA ENGINEERING,Americas,Americas
2022,3-SE,"[150 000, 200 000[",100,M,DATA ANALYSIS,Americas,Americas
2022,3-SE,"[100 000, 150 000[",100,M,DATA ANALYSIS,Americas,Americas
2022,3-SE,"[150 000, 200 000[",100,L,DATA SCIENCE,Americas,Americas
2022,3-SE,"[50 000, 100 000[",100,L,DATA SCIENCE,Americas,Americas
2022,3-SE,"[200 000, 250 000[",100,L,ML ENGINEERING,Americas,Americas
2022,3-SE,"[100 000, 150 000[",100,L,ML ENGINEERING,Americas,Americas
2022,3-SE,"[150 000, 200 000[",100,M,DATA ENGINEERING,Americas,Americas
2022,3-SE,"[100 000, 150 000[",100,M,DATA ENGINEERING,Americas,Americas
2022,1-EN,"[50 000, 100 000[",0,L,ML ENGINEERING,Americas,Americas
2022,3-SE,"[150 000, 200 000[",0,M,DATA SCIENCE,Americas,Americas
2022,3-SE,"[100 000, 150 000[",0,M,DATA SCIENCE,Americas,Americas
2022,3-SE,"[100 000, 150 000[",0,M,DATA ANALYSIS,Americas,Americas
2022,3-SE,"[50 000, 100 000[",0,M,DATA ANALYSIS,Americas,Americas
2022,3-SE,"[200 000, 250 000[",0,M,ML ENGINEERING,Americas,Americas
2022,3-SE,"[150 000, 200 000[",0,M,ML ENGINEERING,Americas,Americas
2022,3-SE,>300 000,100,M,DATA SCIENCE,Americas,Americas
2022,3-SE,"[200 000, 250 000[",100,M,DATA SCIENCE,Americas,Americas
2022,2-MI,"[100 000, 150 000[",0,M,DATA SCIENCE,Americas,Americas
2022,3-SE,"[100 000, 150 000[",100,M,DATA ANALYSIS,Americas,Americas
2022,3-SE,"[50 000, 100 000[",100,M,DATA ANALYSIS,Americas,Americas
2022,3-SE,"[100 000, 150 000[",100,M,DATA ANALYSIS,Americas,Americas
2022,3-SE,"[100 000, 150 000[",100,M,DATA ANALYSIS,Americas,Americas
2022,3-SE,"[200 000, 250 000[",100,L,DATA SCIENCE,Americas,Americas
2022,3-SE,"[150 000, 200 000[",100,L,DATA SCIENCE,Americas,Americas
2022,3-SE,"[200 000, 250 000[",100,L,DATA ENGINEERING,Americas,Americas
2022,3-SE,"[150 000, 200 000[",100,L,DATA ENGINEERING,Americas,Americas
2022,3-SE,"[100 000, 150 000[",0,M,DATA ANALYSIS,Americas,Americas
2022,3-SE,"[50 000, 100 000[",0,M,DATA ANALYSIS,Americas,Americas
2022,3-SE,"[150 000, 200 000[",100,M,DATA ENGINEERING,Americas,Americas
2022,3-SE,"[150 000, 200 000[",100,M,DATA ENGINEERING,Americas,Americas
2022,3-SE,"[150 000, 200 000[",0,M,DATA ANALYSIS,Americas,Americas
2022,3-SE,"[100 000, 150 000[",0,M,DATA ANALYSIS,Americas,Americas
2022,3-SE,"[150 000, 200 000[",100,M,DATA SCIENCE,Americas,Americas
2022,3-SE,"[100 000, 150 000[",100,M,DATA SCIENCE,Americas,Americas
2022,3-SE,"[150 000, 200 000[",0,M,ML ENGINEERING,Americas,Americas
2022,3-SE,"[150 000, 200 000[",0,M,ML ENGINEERING,Americas,Americas
2022,3-SE,"[150 000, 200 000[",100,M,DATA ENGINEERING,Americas,Americas
2022,3-SE,"[100 000, 150 000[",100,M,DATA ENGINEERING,Americas,Americas
2022,3-SE,"[200 000, 250 000[",100,M,DATA ARCHITECTURE,Americas,Americas
2022,3-SE,"[100 000, 150 000[",100,M,DATA ARCHITECTURE,Americas,Americas
2022,3-SE,"[100 000, 150 000[",100,M,DATA ENGINEERING,Americas,Americas
2022,3-SE,"[100 000, 150 000[",100,M,DATA ENGINEERING,Americas,Americas
2022,3-SE,"[100 000, 150 000[",100,M,DATA ANALYSIS,Americas,Americas
2022,3-SE,"[50 000, 100 000[",100,M,DATA ANALYSIS,Americas,Americas
2022,3-SE,"[150 000, 200 000[",100,L,DATA ENGINEERING,Americas,Americas
2022,3-SE,"[100 000, 150 000[",100,L,DATA ENGINEERING,Americas,Americas
2022,3-SE,"[150 000, 200 000[",0,M,ML ENGINEERING,Americas,Americas
2022,3-SE,"[150 000, 200 000[",0,M,ML ENGINEERING,Americas,Americas
2022,3-SE,"[200 000, 250 000[",0,L,DATA SCIENCE,Americas,Americas
2022,3-SE,"[100 000, 150 000[",0,L,DATA SCIENCE,Americas,Americas
2022,3-SE,"[250 000, 300 000[",100,M,DATA SCIENCE,Americas,Americas
2022,3-SE,"[150 000, 200 000[",100,M,DATA SCIENCE,Americas,Americas
2022,2-MI,"[50 000, 100 000[",0,M,DATA ENGINEERING,Americas,Americas
2022,2-MI,"[50 000, 100 000[",0,M,DATA ENGINEERING,Americas,Americas
2022,2-MI,"[150 000, 200 000[",100,L,ML ENGINEERING,Americas,Americas
2022,2-MI,"[100 000, 150 000[",100,L,ML ENGINEERING,Americas,Americas
2022,2-MI,"[200 000, 250 000[",100,M,DATA SCIENCE,Americas,Americas
2022,2-MI,"[150 000, 200 000[",100,M,DATA SCIENCE,Americas,Americas
2022,3-SE,"[150 000, 200 000[",0,M,DATA SCIENCE,Americas,Americas
2022,3-SE,"[50 000, 100 000[",0,M,DATA SCIENCE,Americas,Americas
2022,2-MI,"[50 000, 100 000[",0,S,DATA ANALYSIS,Americas,Americas
2022,2-MI,"[50 000, 100 000[",0,S,DATA ANALYSIS,Americas,Americas
2022,3-SE,"[100 000, 150 000[",0,M,DATA ENGINEERING,Americas,Americas
2022,3-SE,"[100 000, 150 000[",0,M,DATA ENGINEERING,Americas,Americas
2022,4-EX,"[200 000, 250 000[",100,M,DATA ENGINEERING,Americas,Americas
2022,4-EX,"[200 000, 250 000[",100,M,DATA ENGINEERING,Americas,Americas
2022,3-SE,"[150 000, 200 000[",100,M,DATA SCIENCE,Americas,Americas
2022,3-SE,"[100 000, 150 000[",100,M,DATA SCIENCE,Americas,Americas
2022,3-SE,"[100 000, 150 000[",100,M,DATA ANALYSIS,Americas,Americas
2022,3-SE,"[50 000, 100 000[",100,M,DATA ANALYSIS,Americas,Americas
2022,3-SE,"[150 000, 200 000[",0,M,DATA ENGINEERING,Americas,Americas
2022,3-SE,"[100 000, 150 000[",0,M,DATA ENGINEERING,Americas,Americas
2022,3-SE,"[200 000, 250 000[",0,M,DATA ENGINEERING,Americas,Americas
2022,3-SE,"[150 000, 200 000[",0,M,DATA ENGINEERING,Americas,Americas
2022,3-SE,"[150 000, 200 000[",0,L,DATA SCIENCE,Americas,Americas
2022,3-SE,"[100 000, 150 000[",0,L,DATA SCIENCE,Americas,Americas
2022,2-MI,"[100 000, 150 000[",0,M,DATA ANALYSIS,Americas,Americas
2022,2-MI,"[100 000, 150 000[",0,M,DATA ANALYSIS,Americas,Americas
2022,3-SE,"[100 000, 150 000[",0,M,DATA ANALYSIS,Americas,Americas
2022,3-SE,"[50 000, 100 000[",0,M,DATA ANALYSIS,Americas,Americas
2022,3-SE,"[150 000, 200 000[",100,M,DATA ANALYSIS,Americas,Americas
2022,3-SE,"[100 000, 150 000[",100,M,DATA ANALYSIS,Americas,Americas
2022,2-MI,"[100 000, 150 000[",0,M,DATA SCIENCE,Americas,Americas
2022,2-MI,"[50 000, 100 000[",0,M,DATA SCIENCE,Americas,Americas
2022,2-MI,"[150 000, 200 000[",100,M,DATA ENGINEERING,Americas,Americas
2022,2-MI,"[150 000, 200 000[",100,M,DATA ENGINEERING,Americas,Americas
2022,3-SE,"[100 000, 150 000[",100,M,DATA ANALYSIS,Americas,Americas
2022,3-SE,"[50 000, 100 000[",100,M,DATA ANALYSIS,Americas,Americas
2022,3-SE,"[100 000, 150 000[",100,M,DATA SCIENCE,Americas,Americas
2022,3-SE,"[50 000, 100 000[",100,M,DATA SCIENCE,Americas,Americas
2022,3-SE,"[100 000, 150 000[",100,M,DATA SCIENCE,Americas,Americas
2022,3-SE,"[100 000, 150 000[",100,M,DATA SCIENCE,Americas,Americas
2022,4-EX,"[100 000, 150 000[",100,M,DATA ANALYSIS,Americas,Americas
2022,4-EX,"[100 000, 150 000[",100,M,DATA ANALYSIS,Americas,Americas
2022,3-SE,"[150 000, 200 000[",100,M,DATA ANALYSIS,Americas,Americas
2022,3-SE,"[100 000, 150 000[",100,M,DATA ANALYSIS,Americas,Americas
2022,3-SE,"[150 000, 200 000[",100,M,DATA SCIENCE,Americas,Americas
2022,3-SE,"[100 000, 150 000[",100,M,DATA SCIENCE,Americas,Americas
2022,3-SE,"[150 000, 200 000[",100,M,DATA SCIENCE,Americas,Americas
2022,3-SE,"[100 000, 150 000[",100,M,DATA SCIENCE,Americas,Americas
2022,3-SE,"[200 000, 250 000[",100,M,DATA SCIENCE,Americas,Americas
2022,3-SE,"[100 000, 150 000[",100,M,DATA SCIENCE,Americas,Americas
2022,3-SE,"[150 000, 200 000[",0,L,DATA ENGINEERING,Americas,Americas
2022,3-SE,"[100 000, 150 000[",0,L,DATA ENGINEERING,Americas,Americas
2022,3-SE,"[150 000, 200 000[",0,M,DATA SCIENCE,Americas,Americas
2022,3-SE,"[50 000, 100 000[",0,M,DATA SCIENCE,Americas,Americas
2022,2-MI,"[150 000, 200 000[",100,M,DATA ANALYSIS,Americas,Americas
2022,2-MI,"[100 000, 150 000[",100,M,DATA ANALYSIS,Americas,Americas
2022,3-SE,"[100 000, 150 000[",100,M,DATA ANALYSIS,Americas,Americas
2022,3-SE,"[50 000, 100 000[",100,M,DATA ANALYSIS,Americas,Americas
2022,3-SE,"[100 000, 150 000[",100,M,DATA ANALYSIS,Americas,Americas
2022,3-SE,"[50 000, 100 000[",100,M,DATA ANALYSIS,Americas,Americas
2022,3-SE,"[150 000, 200 000[",100,M,DATA ENGINEERING,Americas,Americas
2022,3-SE,"[100 000, 150 000[",100,M,DATA ENGINEERING,Americas,Americas
2022,3-SE,"[200 000, 250 000[",100,M,DATA ENGINEERING,Americas,Americas
2022,3-SE,"[150 000, 200 000[",100,M,DATA ENGINEERING,Americas,Americas
2022,3-SE,"[100 000, 150 000[",100,M,DATA ANALYSIS,Americas,Americas
2022,3-SE,"[100 000, 150 000[",100,M,DATA ANALYSIS,Americas,Americas
2022,3-SE,"[100 000, 150 000[",100,M,DATA ENGINEERING,Americas,Americas
2022,3-SE,"[50 000, 100 000[",100,M,DATA ENGINEERING,Americas,Americas
2022,4-EX,"[200 000, 250 000[",100,M,DATA SCIENCE,Americas,Americas
2022,4-EX,"[150 000, 200 000[",100,M,DATA SCIENCE,Americas,Americas
2022,4-EX,"[150 000, 200 000[",100,M,DATA ANALYSIS,Americas,Americas
2022,4-EX,"[100 000, 150 000[",100,M,DATA ANALYSIS,Americas,Americas
2022,3-SE,"[200 000, 250 000[",100,L,DATA ENGINEERING,Americas,Americas
2022,3-SE,"[150 000, 200 000[",100,L,DATA ENGINEERING,Americas,Americas
2022,3-SE,"[150 000, 200 000[",100,M,DATA ENGINEERING,Americas,Americas
2022,3-SE,"[150 000, 200 000[",100,M,DATA ENGINEERING,Americas,Americas
2022,3-SE,"[200 000, 250 000[",0,L,DATA SCIENCE,Americas,Americas
2022,3-SE,"[100 000, 150 000[",0,L,DATA SCIENCE,Americas,Americas
2022,3-SE,"[150 000, 200 000[",100,M,DATA SCIENCE,Americas,Americas
2022,3-SE,"[100 000, 150 000[",100,M,DATA SCIENCE,Americas,Americas
2022,3-SE,"[200 000, 250 000[",100,M,DATA ENGINEERING,Americas,Americas
2022,3-SE,"[150 000, 200 000[",100,M,DATA ENGINEERING,Americas,Americas
2022,3-SE,"[50 000, 100 000[",0,M,DATA ENGINEERING,Americas,Americas
2022,3-SE,"[50 000, 100 000[",0,M,DATA ENGINEERING,Americas,Americas
2022,3-SE,"[200 000, 250 000[",0,M,DATA SCIENCE,Americas,Americas
2022,3-SE,"[100 000, 150 000[",0,M,DATA SCIENCE,Americas,Americas
2022,3-SE,"[200 000, 250 000[",0,M,DATA ANALYSIS,Americas,Americas
2022,3-SE,"[150 000, 200 000[",0,M,DATA ANALYSIS,Americas,Americas
2022,3-SE,"[150 000, 200 000[",100,M,DATA ENGINEERING,Americas,Americas
2022,3-SE,"[100 000, 150 000[",100,M,DATA ENGINEERING,Americas,Americas
2022,3-SE,"[100 000, 150 000[",100,M,DATA ANALYSIS,Americas,Americas
2022,3-SE,"[50 000, 100 000[",100,M,DATA ANALYSIS,Americas,Americas
2022,3-SE,"[100 000, 150 000[",100,M,DATA ENGINEERING,Americas,Americas
2022,3-SE,"[100 000, 150 000[",100,M,DATA ENGINEERING,Americas,Americas
2022,3-SE,"[100 000, 150 000[",100,M,DATA ANALYSIS,Americas,Americas
2022,3-SE,"[50 000, 100 000[",100,M,DATA ANALYSIS,Americas,Americas
2022,3-SE,"[200 000, 250 000[",100,M,ML ENGINEERING,Americas,Americas
2022,3-SE,"[150 000, 200 000[",100,M,ML ENGINEERING,Americas,Americas
2022,3-SE,"[250 000, 300 000[",100,M,DATA ARCHITECTURE,Americas,Americas
2022,3-SE,"[200 000, 250 000[",100,M,DATA ARCHITECTURE,Americas,Americas
2022,3-SE,"[150 000, 200 000[",100,M,DATA ENGINEERING,Americas,Americas
2022,3-SE,"[100 000, 150 000[",100,M,DATA ENGINEERING,Americas,Americas
2022,2-MI,"[100 000, 150 000[",0,M,DATA SCIENCE,Americas,Americas
2022,2-MI,"[100 000, 150 000[",0,M,DATA SCIENCE,Americas,Americas
2022,3-SE,"[100 000, 150 000[",100,M,DATA ANALYSIS,Americas,Americas
2022,3-SE,"[50 000, 100 000[",100,M,DATA ANALYSIS,Americas,Americas
2022,2-MI,"[200 000, 250 000[",0,M,DATA ENGINEERING,Americas,Americas
2022,2-MI,"[50 000, 100 000[",0,M,DATA ENGINEERING,Americas,Americas
2022,3-SE,"[100 000, 150 000[",100,M,DATA ENGINEERING,Americas,Americas
2022,3-SE,"[100 000, 150 000[",100,M,DATA ENGINEERING,Americas,Americas
2022,3-SE,"[50 000, 100 000[",100,M,DATA ANALYSIS,Americas,Americas
2022,3-SE,"[50 000, 100 000[",100,M,DATA ANALYSIS,Americas,Americas
2022,3-SE,"[150 000, 200 000[",100,M,DATA ARCHITECTURE,Americas,Americas
2022,3-SE,"[100 000, 150 000[",100,M,DATA ARCHITECTURE,Americas,Americas
2022,3-SE,"[200 000, 250 000[",100,M,DATA SCIENCE,Americas,Americas
2022,3-SE,"[150 000, 200 000[",100,M,DATA SCIENCE,Americas,Americas
2022,3-SE,"[150 000, 200 000[",100,M,DATA ANALYSIS,Americas,Americas
2022,3-SE,"[100 000, 150 000[",100,M,DATA ANALYSIS,Americas,Americas
2022,3-SE,"[150 000, 200 000[",100,M,DATA ANALYSIS,Americas,Americas
2022,3-SE,"[150 000, 200 000[",100,M,DATA ANALYSIS,Americas,Americas
2022,2-MI,"[150 000, 200 000[",100,M,DATA SCIENCE,Americas,Americas
2022,2-MI,"[100 000, 150 000[",100,M,DATA SCIENCE,Americas,Americas
2022,3-SE,"[150 000, 200 000[",100,M,DATA ENGINEERING,Americas,Americas
2022,3-SE,"[100 000, 150 000[",100,M,DATA ENGINEERING,Americas,Americas
2022,3-SE,"[100 000, 150 000[",0,M,DATA ANALYSIS,Americas,Americas
2022,3-SE,"[50 000, 100 000[",0,M,DATA ANALYSIS,Americas,Americas
2022,3-SE,"[200 000, 250 000[",100,M,DATA SCIENCE,Americas,Americas
2022,3-SE,"[100 000, 150 000[",100,M,DATA SCIENCE,Americas,Americas
2022,3-SE,"[200 000, 250 000[",100,M,DATA SCIENCE,Americas,Americas
2022,3-SE,"[100 000, 150 000[",100,M,DATA SCIENCE,Americas,Americas
2022,3-SE,"[200 000, 250 000[",100,M,DATA SCIENCE,Americas,Americas
2022,3-SE,"[100 000, 150 000[",100,M,DATA SCIENCE,Americas,Americas
2022,3-SE,"[100 000, 150 000[",100,M,DATA ANALYSIS,Americas,Americas
2022,3-SE,"[50 000, 100 000[",100,M,DATA ANALYSIS,Americas,Americas
2022,3-SE,"[200 000, 250 000[",100,M,DATA SCIENCE,Americas,Americas
2022,3-SE,"[100 000, 150 000[",100,M,DATA SCIENCE,Americas,Americas
2022,3-SE,"[150 000, 200 000[",100,M,DATA ANALYSIS,Americas,Americas
2022,3-SE,"[100 000, 150 000[",100,M,DATA ANALYSIS,Americas,Americas
2022,3-SE,"[100 000, 150 000[",100,M,DATA ENGINEERING,Americas,Americas
2022,3-SE,"[0,50 000[",100,M,DATA ENGINEERING,Americas,Americas
2022,3-SE,"[100 000, 150 000[",100,M,DATA ANALYSIS,Americas,Americas
2022,3-SE,"[100 000, 150 000[",100,M,DATA ANALYSIS,Americas,Americas
2022,3-SE,"[200 000, 250 000[",100,M,DATA ENGINEERING,Americas,Americas
2022,3-SE,"[150 000, 200 000[",100,M,DATA ENGINEERING,Americas,Americas
2022,3-SE,"[100 000, 150 000[",100,M,DATA ANALYSIS,Americas,Americas
2022,3-SE,"[100 000, 150 000[",100,M,DATA ANALYSIS,Americas,Americas
2022,3-SE,"[150 000, 200 000[",100,M,DATA ANALYSIS,Americas,Americas
2022,3-SE,"[100 000, 150 000[",100,M,DATA ANALYSIS,Americas,Americas
2022,3-SE,"[200 000, 250 000[",100,M,DATA SCIENCE,Americas,Americas
2022,3-SE,"[100 000, 150 000[",100,M,DATA SCIENCE,Americas,Americas
2022,2-MI,"[100 000, 150 000[",100,M,DATA ANALYSIS,Americas,Americas
2022,2-MI,"[50 000, 100 000[",100,M,DATA ANALYSIS,Americas,Americas
2022,3-SE,"[200 000, 250 000[",100,M,DATA SCIENCE,Americas,Americas
2022,3-SE,"[100 000, 150 000[",100,M,DATA SCIENCE,Americas,Americas
2022,3-SE,"[200 000, 250 000[",100,M,ML ENGINEERING,Americas,Americas
2022,3-SE,"[100 000, 150 000[",100,M,ML ENGINEERING,Americas,Americas
2022,2-MI,"[200 000, 250 000[",100,M,DATA SCIENCE,Americas,Americas
2022,2-MI,"[100 000, 150 000[",100,M,DATA SCIENCE,Americas,Americas
2022,4-EX,>300 000,100,M,DATA ENGINEERING,Americas,Americas
2022,4-EX,"[200 000, 250 000[",100,M,DATA ENGINEERING,Americas,Americas
2022,3-SE,"[200 000, 250 000[",100,M,DATA ENGINEERING,Americas,Americas
2022,3-SE,"[100 000, 150 000[",100,M,DATA ENGINEERING,Americas,Americas
2022,3-SE,"[150 000, 200 000[",100,M,DATA SCIENCE,Americas,Americas
2022,3-SE,"[100 000, 150 000[",100,M,DATA SCIENCE,Americas,Americas
2022,3-SE,"[100 000, 150 000[",100,M,DATA ENGINEERING,Americas,Americas
2022,3-SE,"[50 000, 100 000[",100,M,DATA ENGINEERING,Americas,Americas
2022,2-MI,"[100 000, 150 000[",100,S,ML ENGINEERING,Americas,Americas
2022,2-MI,"[0,50 000[",50,L,ML ENGINEERING,Americas,Americas
2022,2-MI,"[150 000, 200 000[",100,L,DATA SCIENCE,Americas,Americas
2022,1-EN,"[50 000, 100 000[",100,S,DATA ENGINEERING,Americas,Americas
2021,2-MI,"[100 000, 150 000[",50,L,DATA SCIENCE,Americas,Americas
2022,2-MI,"[50 000, 100 000[",100,M,DATA SCIENCE,Americas,Americas
2022,3-SE,"[100 000, 150 000[",100,M,DATA ENGINEERING,Americas,Americas
2022,3-SE,"[100 000, 150 000[",100,M,DATA ENGINEERING,Americas,Americas
2022,3-SE,"[150 000, 200 000[",100,M,DATA SCIENCE,Americas,Americas
2022,2-MI,"[150 000, 200 000[",50,M,ML ENGINEERING,Americas,Americas
2022,3-SE,"[150 000, 200 000[",100,M,DATA SCIENCE,Americas,Americas
2022,1-EN,"[100 000, 150 000[",100,L,DATA SCIENCE,Americas,Americas
2022,2-MI,"[100 000, 150 000[",100,L,DATA SCIENCE,Americas,Americas
2022,3-SE,>300 000,100,L,DATA ANALYSIS,Americas,Americas
2021,3-SE,"[150 000, 200 000[",0,L,DATA ENGINEERING,Americas,Americas
2021,3-SE,"[200 000, 250 000[",0,L,DATA SCIENCE,Americas,Americas
2021,2-MI,"[100 000, 150 000[",100,L,DATA ANALYSIS,Americas,Americas
2021,1-EN,"[50 000, 100 000[",100,M,DATA SCIENCE,Americas,Americas
2022,3-SE,>300 000,100,L,DATA SCIENCE,Americas,Americas
2022,3-SE,"[150 000, 200 000[",100,L,DATA SCIENCE,Americas,Americas
2021,3-SE,"[200 000, 250 000[",0,L,DATA SCIENCE,Americas,Americas
2021,2-MI,"[50 000, 100 000[",100,M,DATA ANALYSIS,Americas,Americas
2021,1-EN,"[100 000, 150 000[",0,S,DATA SCIENCE,Americas,Americas
2022,3-SE,"[100 000, 150 000[",50,L,DATA SCIENCE,Americas,Americas
2022,1-EN,"[100 000, 150 000[",50,L,DATA ANALYSIS,Americas,Americas
2021,2-MI,"[50 000, 100 000[",100,S,DATA SCIENCE,Americas,Americas
2022,1-EN,"[100 000, 150 000[",100,M,DATA ENGINEERING,Americas,Americas
2022,1-EN,"[100 000, 150 000[",0,M,DATA ARCHITECTURE,Americas,Americas
2021,3-SE,"[100 000, 150 000[",50,S,ML ENGINEERING,Americas,Americas
2021,1-EN,"[50 000, 100 000[",100,M,DATA ANALYSIS,Americas,Americas
2021,3-SE,"[200 000, 250 000[",100,M,DATA ENGINEERING,Americas,Americas
2021,2-MI,"[200 000, 250 000[",100,L,DATA ENGINEERING,Americas,Americas
2021,2-MI,"[100 000, 150 000[",100,L,DATA ENGINEERING,Americas,Americas
2021,2-MI,"[150 000, 200 000[",100,L,DATA ARCHITECTURE,Americas,Americas
2021,2-MI,"[150 000, 200 000[",100,L,DATA ARCHITECTURE,Americas,Americas
2021,1-EN,"[50 000, 100 000[",50,S,DATA ANALYSIS,Americas,Americas
2021,4-EX,"[250 000, 300 000[",0,L,DATA SCIENCE,Americas,Americas
2021,1-EN,"[50 000, 100 000[",100,L,DATA ENGINEERING,Americas,Americas
2020,1-EN,"[50 000, 100 000[",100,L,DATA ARCHITECTURE,Americas,Americas
2021,1-EN,"[100 000, 150 000[",100,S,ML ENGINEERING,Americas,Americas
2021,3-SE,"[100 000, 150 000[",100,M,DATA ANALYSIS,Americas,Americas
2020,2-MI,>300 000,0,M,DATA SCIENCE,Americas,Americas
2021,3-SE,"[100 000, 150 000[",100,L,DATA SCIENCE,Americas,Americas
2021,2-MI,"[150 000, 200 000[",100,M,DATA SCIENCE,Americas,Americas
2020,2-MI,"[100 000, 150 000[",100,L,DATA SCIENCE,Americas,Americas
2021,3-SE,"[150 000, 200 000[",100,L,DATA ENGINEERING,Americas,Americas
2021,2-MI,"[50 000, 100 000[",100,L,DATA ENGINEERING,Americas,Americas
2021,1-EN,"[50 000, 100 000[",100,S,DATA ANALYSIS,Americas,Americas
2021,1-EN,"[50 000, 100 000[",100,S,DATA ANALYSIS,Americas,Americas
2021,2-MI,"[100 000, 150 000[",100,L,DATA ANALYSIS,Americas,Americas
2020,1-EN,"[250 000, 300 000[",50,L,ML ENGINEERING,Americas,Americas
2020,1-EN,"[100 000, 150 000[",100,S,ML ENGINEERING,Americas,Americas
2021,2-MI,"[100 000, 150 000[",100,L,DATA ENGINEERING,Americas,Americas
2021,3-SE,"[150 000, 200 000[",100,L,DATA ANALYSIS,Americas,Americas
2021,1-EN,"[50 000, 100 000[",100,M,DATA ANALYSIS,Americas,Americas
2021,2-MI,"[100 000, 150 000[",100,M,DATA ANALYSIS,Americas,Americas
2021,4-EX,"[200 000, 250 000[",100,L,DATA SCIENCE,Americas,Americas
2021,1-EN,"[200 000, 250 000[",100,L,ML ENGINEERING,Americas,Americas
2021,3-SE,"[150 000, 200 000[",100,M,DATA ENGINEERING,Americas,Americas
2021,3-SE,"[100 000, 150 000[",100,S,DATA ENGINEERING,Americas,Americas
2020,2-MI,"[100 000, 150 000[",100,L,DATA ENGINEERING,Americas,Americas
2021,3-SE,"[150 000, 200 000[",100,L,DATA ENGINEERING,Americas,Americas
2021,1-EN,"[50 000, 100 000[",100,M,DATA ARCHITECTURE,Americas,Americas
2021,2-MI,>300 000,100,L,DATA ANALYSIS,Americas,Americas
2021,3-SE,"[250 000, 300 000[",0,L,DATA ENGINEERING,Americas,Americas
2020,3-SE,"[150 000, 200 000[",100,L,DATA ENGINEERING,Americas,Americas
2020,2-MI,"[100 000, 150 000[",100,L,DATA SCIENCE,Americas,Americas
2021,2-MI,"[200 000, 250 000[",100,L,DATA ENGINEERING,Americas,Americas
2021,3-SE,"[150 000, 200 000[",100,L,DATA ENGINEERING,Americas,Americas
2021,2-MI,"[50 000, 100 000[",100,L,DATA ANALYSIS,Americas,Americas
2021,1-EN,"[50 000, 100 000[",100,S,DATA SCIENCE,Americas,Americas
2021,3-SE,"[150 000, 200 000[",100,M,DATA ANALYSIS,Americas,Americas
2020,1-EN,"[50 000, 100 000[",100,L,DATA ANALYSIS,Americas,Americas
2021,3-SE,"[150 000, 200 000[",100,L,DATA SCIENCE,Americas,Americas
2021,2-MI,"[50 000, 100 000[",100,L,DATA ANALYSIS,Americas,Americas
2021,2-MI,"[100 000, 150 000[",0,S,DATA SCIENCE,Americas,Americas
2021,2-MI,"[150 000, 200 000[",100,L,DATA ARCHITECTURE,Americas,Americas
2021,3-SE,"[200 000, 250 000[",100,L,DATA ANALYSIS,Americas,Americas
2021,3-SE,"[200 000, 250 000[",100,L,DATA ENGINEERING,Americas,Americas
2021,3-SE,"[250 000, 300 000[",100,S,ML ENGINEERING,Americas,Americas
2021,2-MI,"[100 000, 150 000[",100,L,DATA ENGINEERING,Americas,Americas
2021,1-EN,"[50 000, 100 000[",100,L,DATA ENGINEERING,Americas,Americas
2021,3-SE,"[150 000, 200 000[",50,L,ML ENGINEERING,Americas,Americas
2021,2-MI,"[100 000, 150 000[",100,L,DATA ENGINEERING,Americas,Americas
2020,3-SE,"[150 000, 200 000[",50,L,ML ENGINEERING,Americas,Americas
2021,1-EN,"[50 000, 100 000[",50,L,DATA SCIENCE,Americas,Americas
2021,1-EN,"[100 000, 150 000[",100,M,DATA SCIENCE,Americas,Americas
2020,1-EN,"[50 000, 100 000[",100,L,DATA ANALYSIS,Americas,Americas
2021,2-MI,"[100 000, 150 000[",0,M,DATA ENGINEERING,Americas,Americas
2021,2-MI,"[50 000, 100 000[",0,M,DATA ENGINEERING,Americas,Americas
2020,3-SE,"[150 000, 200 000[",100,S,DATA SCIENCE,Americas,Americas
2021,3-SE,"[100 000, 150 000[",0,L,DATA SCIENCE,Americas,Americas
2021,2-MI,"[100 000, 150 000[",50,L,DATA SCIENCE,Americas,Americas
2021,3-SE,"[150 000, 200 000[",100,L,DATA SCIENCE,Americas,Americas
2020,2-MI,"[100 000, 150 000[",100,L,DATA ANALYSIS,Americas,Americas
2020,2-MI,"[50 000, 100 000[",100,L,DATA ANALYSIS,Americas,Americas
2021,1-EN,"[50 000, 100 000[",50,S,ML ENGINEERING,Americas,Americas
2021,1-EN,"[50 000, 100 000[",100,S,DATA SCIENCE,Americas,Americas
2021,3-SE,"[150 000, 200 000[",100,M,ML ENGINEERING,Americas,Americas
2020,2-MI,"[50 000, 100 000[",100,L,DATA ANALYSIS,Americas,Americas
2020,2-MI,"[50 000, 100 000[",0,M,DATA ANALYSIS,Americas,Americas
2021,3-SE,"[100 000, 150 000[",0,L,DATA ANALYSIS,Americas,Americas
2020,4-EX,>300 000,100,L,DATA SCIENCE,Americas,Americas
2021,3-SE,"[200 000, 250 000[",100,L,ML ENGINEERING,Americas,Americas
2021,2-MI,"[150 000, 200 000[",100,L,DATA SCIENCE,Americas,Americas
2021,4-EX,>300 000,100,L,DATA ENGINEERING,Americas,Americas
2021,3-SE,"[150 000, 200 000[",0,M,DATA ENGINEERING,Americas,Americas
2021,3-SE,"[150 000, 200 000[",100,L,DATA ENGINEERING,Americas,Americas
2020,2-MI,"[100 000, 150 000[",100,L,DATA ENGINEERING,Americas,Americas
2021,3-SE,"[100 000, 150 000[",100,L,DATA ANALYSIS,Americas,Americas
2020,3-SE,"[100 000, 150 000[",50,L,DATA SCIENCE,Americas,Americas
2021,2-MI,"[100 000, 150 000[",50,L,DATA SCIENCE,Americas,Americas
2021,2-MI,"[100 000, 150 000[",50,L,DATA SCIENCE,Americas,Americas
2021,3-SE,"[200 000, 250 000[",100,L,DATA SCIENCE,Americas,Americas
2021,2-MI,"[50 000, 100 000[",0,L,DATA ANALYSIS,Americas,Americas
2021,2-MI,"[50 000, 100 000[",0,L,DATA ANALYSIS,Americas,Americas
2021,2-MI,"[50 000, 100 000[",0,L,DATA SCIENCE,Americas,Americas
2020,3-SE,"[150 000, 200 000[",100,M,DATA SCIENCE,Americas,Americas
2020,2-MI,"[100 000, 150 000[",100,M,DATA SCIENCE,Americas,Americas
2020,2-MI,"[100 000, 150 000[",100,M,DATA SCIENCE,Americas,Americas
2021,2-MI,>300 000,50,L,ML ENGINEERING,Americas,Americas
2021,3-SE,"[150 000, 200 000[",100,L,DATA SCIENCE,Americas,Americas
2020,3-SE,>300 000,100,L,DATA SCIENCE,Americas,Americas
2021,2-MI,"[150 000, 200 000[",100,L,DATA SCIENCE,Americas,Americas
2020,1-EN,"[100 000, 150 000[",100,S,DATA SCIENCE,Americas,Americas
2021,3-SE,"[150 000, 200 000[",100,L,DATA SCIENCE,Europe,Americas
2022,1-EN,"[50 000, 100 000[",50,M,DATA SCIENCE,Europe,Americas
2021,3-SE,"[200 000, 250 000[",100,L,ML ENGINEERING,Americas,Americas
2022,1-EN,"[100 000, 150 000[",100,L,DATA SCIENCE,Americas,Americas
2021,2-MI,"[0,50 000[",100,L,DATA SCIENCE,Americas,Americas
2022,2-MI,"[200 000, 250 000[",100,L,DATA SCIENCE,Americas,Asia
2021,4-EX,"[150 000, 200 000[",100,L,DATA ANALYSIS,Americas,Asia
2021,3-SE,"[50 000, 100 000[",50,L,DATA SCIENCE,Americas,Asia
2021,2-MI,"[0,50 000[",100,S,DATA SCIENCE,Americas,Asia
2022,1-EN,"[0,50 000[",50,M,DATA SCIENCE,Asia,Asia
2022,1-EN,"[0,50 000[",100,M,DATA ANALYSIS,Asia,Asia
2022,3-SE,"[50 000, 100 000[",50,L,ML ENGINEERING,Asia,Asia
2022,2-MI,"[0,50 000[",100,S,DATA ANALYSIS,Asia,Asia
2021,1-EN,"[0,50 000[",100,M,ML ENGINEERING,Asia,Asia
2022,1-EN,"[0,50 000[",0,S,DATA SCIENCE,Asia,Asia
2020,1-EN,"[0,50 000[",100,L,DATA ENGINEERING,Asia,Asia
2020,1-EN,"[0,50 000[",100,L,DATA ENGINEERING,Asia,Asia
2022,4-EX,"[50 000, 100 000[",50,L,ML ENGINEERING,Asia,Asia
2022,2-MI,"[0,50 000[",100,M,DATA ANALYSIS,Asia,Asia
2022,2-MI,"[0,50 000[",100,L,DATA SCIENCE,Asia,Asia
2022,1-EN,"[0,50 000[",100,M,DATA SCIENCE,Asia,Asia
2021,3-SE,"[0,50 000[",50,L,DATA SCIENCE,Asia,Asia
2021,1-EN,"[0,50 000[",100,S,ML ENGINEERING,Asia,Asia
2021,2-MI,"[0,50 000[",0,S,DATA SCIENCE,Asia,Asia
2021,1-EN,"[0,50 000[",100,L,DATA ENGINEERING,Asia,Asia
2021,1-EN,"[0,50 000[",50,L,DATA SCIENCE,Asia,Asia
2021,1-EN,"[0,50 000[",100,M,DATA SCIENCE,Asia,Asia
2020,1-EN,"[0,50 000[",0,S,DATA ANALYSIS,Asia,Asia
2021,1-EN,"[0,50 000[",50,M,DATA ENGINEERING,Asia,Asia
2021,3-SE,"[50 000, 100 000[",0,L,ML ENGINEERING,Asia,Asia
2021,2-MI,"[0,50 000[",100,S,DATA SCIENCE,Asia,Asia
2021,1-EN,"[0,50 000[",100,L,DATA ARCHITECTURE,Asia,Asia
2021,3-SE,"[0,50 000[",100,L,ML ENGINEERING,Asia,Asia
2020,2-MI,"[0,50 000[",0,L,DATA SCIENCE,Asia,Asia
2021,2-MI,"[0,50 000[",0,L,DATA ARCHITECTURE,Asia,Asia
2021,2-MI,"[0,50 000[",0,M,DATA SCIENCE,Asia,Asia
2020,1-EN,"[0,50 000[",50,M,DATA SCIENCE,Asia,Asia
2020,2-MI,"[0,50 000[",100,L,DATA ANALYSIS,Asia,Asia
2021,2-MI,"[0,50 000[",100,L,DATA ANALYSIS,Asia,Asia
2021,3-SE,"[50 000, 100 000[",50,L,DATA SCIENCE,Asia,Asia
2022,2-MI,"[50 000, 100 000[",100,L,DATA SCIENCE,Asia,Asia
2021,1-EN,"[0,50 000[",0,L,DATA ARCHITECTURE,Europe,Asia
2022,3-SE,"[150 000, 200 000[",100,M,DATA ENGINEERING,Americas,Europe
2020,2-MI,"[100 000, 150 000[",100,M,DATA ENGINEERING,Americas,Europe
2022,3-SE,"[50 000, 100 000[",0,M,DATA ANALYSIS,Europe,Europe
2022,3-SE,"[0,50 000[",0,M,DATA ANALYSIS,Europe,Europe
2022,2-MI,"[50 000, 100 000[",100,M,DATA ENGINEERING,Europe,Europe
2022,2-MI,"[50 000, 100 000[",100,M,DATA ENGINEERING,Europe,Europe
2022,1-EN,"[0,50 000[",50,M,DATA SCIENCE,Europe,Europe
2022,2-MI,"[0,50 000[",100,M,DATA ANALYSIS,Europe,Europe
2022,2-MI,"[0,50 000[",100,M,DATA ANALYSIS,Europe,Europe
2022,2-MI,"[50 000, 100 000[",100,M,DATA ENGINEERING,Europe,Europe
2022,2-MI,"[50 000, 100 000[",100,M,DATA ENGINEERING,Europe,Europe
2022,2-MI,"[50 000, 100 000[",100,M,DATA ENGINEERING,Europe,Europe
2022,2-MI,"[0,50 000[",100,M,DATA ENGINEERING,Europe,Europe
2021,2-MI,"[0,50 000[",100,S,ML ENGINEERING,Europe,Europe
2020,4-EX,"[50 000, 100 000[",50,L,DATA ENGINEERING,Europe,Europe
2021,3-SE,"[50 000, 100 000[",100,L,DATA SCIENCE,Europe,Europe
2021,2-MI,"[0,50 000[",100,L,DATA SCIENCE,Europe,Europe
2020,2-MI,"[0,50 000[",100,M,DATA SCIENCE,Europe,Europe
2021,2-MI,"[0,50 000[",100,M,DATA SCIENCE,Europe,Europe
2021,2-MI,"[50 000, 100 000[",50,M,DATA ARCHITECTURE,Europe,Europe
2022,2-MI,"[50 000, 100 000[",100,M,ML ENGINEERING,Americas,Americas
2022,2-MI,"[50 000, 100 000[",100,L,ML ENGINEERING,Americas,Americas
2022,3-SE,"[0,50 000[",100,S,DATA ANALYSIS,Americas,Americas
2022,1-EN,"[50 000, 100 000[",100,L,DATA ANALYSIS,Americas,Americas
2022,3-SE,"[50 000, 100 000[",100,L,DATA ENGINEERING,Americas,Americas
2022,3-SE,"[200 000, 250 000[",100,M,DATA SCIENCE,Americas,Asia
2022,3-SE,"[100 000, 150 000[",100,M,DATA SCIENCE,Americas,Americas
2021,3-SE,"[150 000, 200 000[",100,S,DATA ENGINEERING,Americas,Americas
2022,1-EN,"[0,50 000[",100,L,DATA ANALYSIS,Americas,Americas
2022,1-EN,"[0,50 000[",100,L,DATA ANALYSIS,Americas,Americas
2022,3-SE,"[0,50 000[",100,L,DATA SCIENCE,Americas,Americas
2021,3-SE,"[0,50 000[",100,M,DATA ARCHITECTURE,Americas,Americas
2021,2-MI,"[0,50 000[",0,S,DATA SCIENCE,Americas,Americas
2021,3-SE,"[0,50 000[",0,M,DATA ARCHITECTURE,Americas,Americas
2022,2-MI,"[0,50 000[",100,S,DATA SCIENCE,Americas,Europe
2021,4-EX,"[50 000, 100 000[",0,M,DATA SCIENCE,Europe,Europe
2021,4-EX,"[200 000, 250 000[",50,L,DATA SCIENCE,Europe,Europe
2022,3-SE,"[150 000, 200 000[",100,M,DATA ENGINEERING,Americas,Americas
2022,3-SE,"[100 000, 150 000[",100,M,DATA ENGINEERING,Americas,Americas
2022,4-EX,"[100 000, 150 000[",100,S,DATA ENGINEERING,Americas,Americas
2022,3-SE,"[150 000, 200 000[",100,M,DATA ARCHITECTURE,Americas,Americas
2022,3-SE,"[50 000, 100 000[",100,M,DATA ARCHITECTURE,Americas,Americas
2022,3-SE,"[100 000, 150 000[",100,M,DATA ANALYSIS,Americas,Americas
2022,3-SE,"[50 000, 100 000[",100,M,DATA ANALYSIS,Americas,Americas
2022,3-SE,"[100 000, 150 000[",100,M,DATA ANALYSIS,Americas,Americas
2022,3-SE,"[50 000, 100 000[",100,M,DATA ANALYSIS,Americas,Americas
2022,2-MI,"[50 000, 100 000[",0,M,DATA ANALYSIS,Americas,Americas
2022,2-MI,"[50 000, 100 000[",0,M,DATA ANALYSIS,Americas,Americas
2022,1-EN,"[50 000, 100 000[",0,M,DATA ANALYSIS,Americas,Americas
2022,1-EN,"[50 000, 100 000[",0,M,DATA ANALYSIS,Americas,Americas
2022,2-MI,"[50 000, 100 000[",100,M,ML ENGINEERING,Americas,Americas
2020,3-SE,"[100 000, 150 000[",50,L,ML ENGINEERING,Americas,Americas
2022,4-EX,"[150 000, 200 000[",50,L,DATA SCIENCE,Americas,Americas
2022,2-MI,"[50 000, 100 000[",50,L,DATA ANALYSIS,Americas,Americas
2022,2-MI,"[50 000, 100 000[",100,M,DATA SCIENCE,Americas,Americas
2022,1-EN,"[50 000, 100 000[",100,L,DATA SCIENCE,Americas,Americas
2022,3-SE,"[50 000, 100 000[",100,M,ML ENGINEERING,Americas,Americas
2022,2-MI,"[50 000, 100 000[",100,S,DATA ANALYSIS,Americas,Americas
2021,3-SE,"[100 000, 150 000[",50,L,DATA ENGINEERING,Americas,Americas
2021,2-MI,"[50 000, 100 000[",100,L,DATA SCIENCE,Americas,Americas
2021,2-MI,"[150 000, 200 000[",100,L,DATA SCIENCE,Americas,Americas
2021,3-SE,"[50 000, 100 000[",50,M,DATA ARCHITECTURE,Americas,Americas
2021,3-SE,"[100 000, 150 000[",100,L,DATA SCIENCE,Americas,Americas
2021,2-MI,"[50 000, 100 000[",100,M,DATA SCIENCE,Americas,Americas
2021,3-SE,"[50 000, 100 000[",100,M,DATA ANALYSIS,Americas,Americas
2021,3-SE,"[50 000, 100 000[",50,L,DATA SCIENCE,Americas,Americas
2021,3-SE,"[50 000, 100 000[",100,S,DATA SCIENCE,Americas,Americas
2021,2-MI,"[0,50 000[",100,M,ML ENGINEERING,Americas,Asia
2021,3-SE,"[50 000, 100 000[",100,M,DATA ANALYSIS,Europe,Asia
2021,1-EN,"[0,50 000[",0,M,DATA SCIENCE,Asia,Asia
2020,3-SE,"[50 000, 100 000[",100,L,DATA SCIENCE,Americas,Europe
2022,2-MI,"[50 000, 100 000[",100,M,DATA ENGINEERING,Europe,Europe
2022,2-MI,"[50 000, 100 000[",100,M,DATA ENGINEERING,Europe,Europe
2022,2-MI,"[50 000, 100 000[",0,M,DATA ARCHITECTURE,Europe,Europe
2022,2-MI,"[50 000, 100 000[",0,M,DATA ARCHITECTURE,Europe,Europe
2022,2-MI,"[50 000, 100 000[",100,M,DATA ENGINEERING,Europe,Europe
2022,2-MI,"[50 000, 100 000[",100,M,DATA ENGINEERING,Europe,Europe
2022,2-MI,"[0,50 000[",100,M,DATA ANALYSIS,Europe,Europe
2022,2-MI,"[0,50 000[",100,M,DATA ANALYSIS,Europe,Europe
2022,2-MI,"[50 000, 100 000[",100,M,DATA ENGINEERING,Europe,Europe
2022,2-MI,"[0,50 000[",100,M,DATA ENGINEERING,Europe,Europe
2022,2-MI,"[0,50 000[",100,S,DATA ANALYSIS,Europe,Europe
2020,3-SE,"[0,50 000[",50,L,DATA ENGINEERING,Europe,Europe
2021,2-MI,"[0,50 000[",100,M,DATA ENGINEERING,Europe,Europe
2021,3-SE,"[50 000, 100 000[",100,L,DATA ANALYSIS,Europe,Europe
2020,1-EN,"[50 000, 100 000[",100,L,DATA ENGINEERING,Europe,Asia
2022,1-EN,"[50 000, 100 000[",100,M,DATA ENGINEERING,Europe,Asia
2022,1-EN,"[0,50 000[",0,M,DATA ANALYSIS,Asia,Asia
2020,2-MI,"[0,50 000[",50,L,DATA ANALYSIS,Asia,Asia
2021,3-SE,"[50 000, 100 000[",100,S,DATA ANALYSIS,Americas,Europe
2020,2-MI,"[0,50 000[",100,S,DATA SCIENCE,Americas,Asia
2021,3-SE,"[50 000, 100 000[",100,S,DATA ANALYSIS,Asia,Asia
2021,2-MI,"[0,50 000[",50,L,DATA ANALYSIS,Americas,Europe
2020,2-MI,"[0,50 000[",50,L,DATA SCIENCE,Europe,Europe
2021,2-MI,"[50 000, 100 000[",100,S,DATA ARCHITECTURE,Americas,Europe
2022,2-MI,"[50 000, 100 000[",100,S,DATA ANALYSIS,Europe,Europe
2022,2-MI,"[50 000, 100 000[",100,S,DATA SCIENCE,Europe,Europe
2022,2-MI,"[50 000, 100 000[",50,S,DATA ENGINEERING,Europe,Europe
2020,1-EN,"[0,50 000[",0,S,DATA SCIENCE,Europe,Europe
2022,3-SE,"[150 000, 200 000[",100,M,DATA SCIENCE,Europe,Europe
2022,3-SE,"[50 000, 100 000[",0,M,ML ENGINEERING,Europe,Europe
2020,2-MI,"[50 000, 100 000[",100,S,DATA ENGINEERING,Europe,Europe
2021,4-EX,"[100 000, 150 000[",50,M,DATA SCIENCE,Europe,Europe
2021,1-EN,"[50 000, 100 000[",50,L,DATA SCIENCE,Europe,Europe
2021,3-SE,"[50 000, 100 000[",100,L,DATA ANALYSIS,Europe,Europe
2021,1-EN,"[50 000, 100 000[",100,S,DATA SCIENCE,Europe,Europe
2021,3-SE,"[50 000, 100 000[",50,L,ML ENGINEERING,Europe,Europe
2020,2-MI,"[50 000, 100 000[",0,L,DATA SCIENCE,Europe,Europe
2021,1-EN,"[50 000, 100 000[",0,L,DATA SCIENCE,Europe,Europe
2021,1-EN,"[50 000, 100 000[",50,M,DATA ENGINEERING,Europe,Europe
2021,3-SE,"[50 000, 100 000[",50,L,DATA ANALYSIS,Europe,Europe
2021,4-EX,"[100 000, 150 000[",0,L,DATA SCIENCE,Europe,Europe
2021,1-EN,"[0,50 000[",50,M,ML ENGINEERING,Europe,Europe
2021,2-MI,"[50 000, 100 000[",50,L,DATA SCIENCE,Europe,Europe
2021,2-MI,"[50 000, 100 000[",50,L,DATA SCIENCE,Europe,Europe
2020,1-EN,"[50 000, 100 000[",50,S,DATA SCIENCE,Europe,Europe
2021,2-MI,"[50 000, 100 000[",50,L,DATA SCIENCE,Europe,Europe
2021,3-SE,"[150 000, 200 000[",100,M,DATA SCIENCE,Europe,Europe
2020,3-SE,"[100 000, 150 000[",100,M,DATA SCIENCE,Europe,Europe
2021,2-MI,"[50 000, 100 000[",50,M,DATA SCIENCE,Europe,Europe
2021,3-SE,"[150 000, 200 000[",50,S,DATA ENGINEERING,Americas,Americas
2022,3-SE,"[200 000, 250 000[",100,M,ML ENGINEERING,Americas,Americas
2022,3-SE,"[100 000, 150 000[",100,M,ML ENGINEERING,Americas,Americas
2022,3-SE,"[200 000, 250 000[",100,M,DATA ENGINEERING,Americas,Americas
2022,3-SE,"[100 000, 150 000[",100,M,DATA ENGINEERING,Americas,Americas
2021,2-MI,"[0,50 000[",0,L,DATA ENGINEERING,Americas,Europe
2021,3-SE,"[50 000, 100 000[",50,S,DATA ENGINEERING,Europe,Europe
2020,2-MI,"[50 000, 100 000[",100,M,DATA ENGINEERING,Americas,Europe
2022,1-EN,"[0,50 000[",100,M,DATA SCIENCE,Europe,Europe
2022,3-SE,"[0,50 000[",50,S,DATA SCIENCE,Europe,Europe
2020,1-EN,"[0,50 000[",100,M,DATA ANALYSIS,Europe,Europe
2022,2-MI,"[50 000, 100 000[",50,L,ML ENGINEERING,Europe,Europe
2022,1-EN,"[0,50 000[",100,L,ML ENGINEERING,Europe,Europe
2020,2-MI,"[50 000, 100 000[",0,M,ML ENGINEERING,Europe,Europe
2021,3-SE,"[50 000, 100 000[",50,L,DATA SCIENCE,Europe,Europe
2022,1-EN,"[0,50 000[",100,M,DATA ARCHITECTURE,Europe,Europe
2021,2-MI,"[50 000, 100 000[",50,L,ML ENGINEERING,Europe,Europe
2021,4-EX,"[150 000, 200 000[",100,L,DATA SCIENCE,Europe,Europe
2021,3-SE,"[50 000, 100 000[",100,S,DATA SCIENCE,Americas,Europe
2022,3-SE,"[50 000, 100 000[",100,L,ML ENGINEERING,Europe,Europe
2021,4-EX,"[50 000, 100 000[",100,S,DATA SCIENCE,Europe,Europe
2022,1-EN,"[0,50 000[",100,L,DATA ANALYSIS,Asia,Europe
2021,1-EN,"[0,50 000[",50,M,ML ENGINEERING,Europe,Europe
2022,3-SE,"[50 000, 100 000[",50,L,DATA SCIENCE,Europe,Europe
2022,1-EN,"[0,50 000[",50,M,DATA ANALYSIS,Europe,Europe
2022,3-SE,"[50 000, 100 000[",50,L,DATA SCIENCE,Europe,Europe
2022,2-MI,"[50 000, 100 000[",100,M,DATA ENGINEERING,Europe,Europe
2021,1-EN,"[0,50 000[",50,M,DATA SCIENCE,Europe,Europe
2021,2-MI,"[50 000, 100 000[",50,M,DATA SCIENCE,Europe,Europe
2020,2-MI,"[0,50 000[",50,L,DATA ANALYSIS,Europe,Europe
2021,1-EN,"[50 000, 100 000[",50,M,DATA ANALYSIS,Europe,Europe
2021,3-SE,"[50 000, 100 000[",50,L,DATA SCIENCE,Europe,Europe
2020,2-MI,"[50 000, 100 000[",50,L,DATA ENGINEERING,Europe,Europe
2021,1-EN,"[0,50 000[",50,L,DATA SCIENCE,Europe,Europe
2021,3-SE,"[50 000, 100 000[",50,M,DATA SCIENCE,Europe,Europe
2020,1-EN,"[50 000, 100 000[",0,S,DATA SCIENCE,Europe,Europe
2020,1-EN,"[0,50 000[",0,M,DATA SCIENCE,Europe,Europe
2021,2-MI,"[50 000, 100 000[",50,S,DATA SCIENCE,Europe,Europe
2020,2-MI,"[0,50 000[",50,S,DATA SCIENCE,Europe,Europe
2022,2-MI,"[50 000, 100 000[",100,M,ML ENGINEERING,Europe,Europe
2020,2-MI,"[50 000, 100 000[",50,S,DATA SCIENCE,Europe,Europe
2022,2-MI,"[50 000, 100 000[",100,M,DATA ENGINEERING,Europe,Europe
2022,2-MI,"[50 000, 100 000[",100,M,DATA ENGINEERING,Europe,Europe
2022,2-MI,"[100 000, 150 000[",100,M,DATA SCIENCE,Europe,Europe
2022,2-MI,"[50 000, 100 000[",100,M,DATA ENGINEERING,Europe,Europe
2022,2-MI,"[50 000, 100 000[",100,M,DATA ENGINEERING,Europe,Europe
2021,1-EN,"[0,50 000[",50,L,DATA ENGINEERING,Europe,Europe
2022,2-MI,"[100 000, 150 000[",100,M,DATA ENGINEERING,Europe,Europe
2022,2-MI,"[50 000, 100 000[",100,M,DATA ENGINEERING,Europe,Europe
2022,3-SE,"[100 000, 150 000[",100,M,DATA ANALYSIS,Europe,Europe
2022,3-SE,"[50 000, 100 000[",100,M,DATA ANALYSIS,Europe,Europe
2022,3-SE,"[100 000, 150 000[",100,M,DATA ENGINEERING,Europe,Europe
2022,3-SE,"[50 000, 100 000[",100,M,DATA ENGINEERING,Europe,Europe
2022,2-MI,"[100 000, 150 000[",0,M,DATA SCIENCE,Europe,Europe
2022,2-MI,"[100 000, 150 000[",0,M,DATA SCIENCE,Europe,Europe
2022,2-MI,"[100 000, 150 000[",50,L,ML ENGINEERING,Europe,Europe
2022,2-MI,"[100 000, 150 000[",0,M,DATA ENGINEERING,Europe,Europe
2022,2-MI,"[50 000, 100 000[",0,M,DATA ENGINEERING,Europe,Europe
2022,1-EN,"[50 000, 100 000[",100,S,ML ENGINEERING,Europe,Europe
2022,3-SE,"[50 000, 100 000[",0,M,DATA ANALYSIS,Europe,Europe
2022,3-SE,"[50 000, 100 000[",0,M,DATA ANALYSIS,Europe,Europe
2022,2-MI,"[50 000, 100 000[",50,S,DATA SCIENCE,Europe,Europe
2022,2-MI,"[100 000, 150 000[",100,M,DATA SCIENCE,Europe,Europe
2022,1-EN,"[0,50 000[",100,L,ML ENGINEERING,Europe,Europe
2022,2-MI,"[50 000, 100 000[",0,M,DATA ENGINEERING,Europe,Europe
2022,2-MI,"[50 000, 100 000[",0,M,DATA ENGINEERING,Europe,Europe
2022,2-MI,"[50 000, 100 000[",50,M,DATA SCIENCE,Europe,Europe
2022,2-MI,"[100 000, 150 000[",0,M,DATA ENGINEERING,Europe,Europe
2022,2-MI,"[100 000, 150 000[",0,M,DATA ENGINEERING,Europe,Europe
2022,2-MI,"[50 000, 100 000[",100,M,DATA ENGINEERING,Europe,Europe
2022,2-MI,"[50 000, 100 000[",100,M,DATA ENGINEERING,Europe,Europe
2022,2-MI,"[100 000, 150 000[",0,M,ML ENGINEERING,Europe,Europe
2022,2-MI,"[50 000, 100 000[",0,M,ML ENGINEERING,Europe,Europe
2022,2-MI,"[100 000, 150 000[",0,M,DATA ENGINEERING,Europe,Europe
2022,2-MI,"[50 000, 100 000[",0,M,DATA ENGINEERING,Europe,Europe
2022,1-EN,"[0,50 000[",100,L,ML ENGINEERING,Europe,Europe
2022,2-MI,"[50 000, 100 000[",100,M,DATA ANALYSIS,Europe,Europe
2022,2-MI,"[0,50 000[",100,M,DATA ANALYSIS,Europe,Europe
2022,2-MI,"[100 000, 150 000[",100,M,DATA ENGINEERING,Europe,Europe
2022,2-MI,"[50 000, 100 000[",100,M,DATA ENGINEERING,Europe,Europe
2022,2-MI,"[50 000, 100 000[",100,M,DATA ENGINEERING,Europe,Europe
2022,2-MI,"[50 000, 100 000[",100,M,DATA ENGINEERING,Europe,Europe
2022,2-MI,"[50 000, 100 000[",0,M,DATA SCIENCE,Europe,Europe
2022,2-MI,"[0,50 000[",0,M,DATA SCIENCE,Europe,Europe
2022,2-MI,"[50 000, 100 000[",100,M,DATA ENGINEERING,Europe,Europe
2022,2-MI,"[50 000, 100 000[",100,M,DATA ENGINEERING,Europe,Europe
2022,2-MI,"[50 000, 100 000[",0,M,DATA SCIENCE,Europe,Europe
2022,2-MI,"[0,50 000[",0,M,DATA SCIENCE,Europe,Europe
2022,2-MI,"[50 000, 100 000[",0,M,DATA ENGINEERING,Europe,Europe
2022,2-MI,"[50 000, 100 000[",0,M,DATA ENGINEERING,Europe,Europe
2022,3-SE,"[100 000, 150 000[",0,M,DATA SCIENCE,Europe,Europe
2022,3-SE,"[100 000, 150 000[",0,M,DATA SCIENCE,Europe,Europe
2022,1-EN,"[50 000, 100 000[",100,M,DATA ENGINEERING,Europe,Europe
2022,1-EN,"[0,50 000[",100,M,DATA ENGINEERING,Europe,Europe
2022,3-SE,"[50 000, 100 000[",0,M,DATA ENGINEERING,Europe,Europe
2022,3-SE,"[50 000, 100 000[",0,M,DATA ENGINEERING,Europe,Europe
2022,2-MI,"[50 000, 100 000[",0,M,DATA ANALYSIS,Europe,Europe
2022,2-MI,"[0,50 000[",0,M,DATA ANALYSIS,Europe,Europe
2022,2-MI,"[150 000, 200 000[",0,M,DATA SCIENCE,Europe,Europe
2022,2-MI,"[50 000, 100 000[",0,M,DATA SCIENCE,Europe,Europe
2021,1-EN,"[100 000, 150 000[",0,L,DATA SCIENCE,Europe,Europe
2021,2-MI,"[50 000, 100 000[",100,L,DATA ENGINEERING,Europe,Europe
2021,1-EN,"[50 000, 100 000[",50,L,DATA SCIENCE,Europe,Europe
2021,3-SE,"[100 000, 150 000[",100,S,DATA ENGINEERING,Europe,Europe
2021,3-SE,"[100 000, 150 000[",100,M,DATA ENGINEERING,Europe,Europe
2021,2-MI,"[50 000, 100 000[",50,L,DATA ANALYSIS,Europe,Europe
2020,2-MI,"[100 000, 150 000[",50,L,DATA ENGINEERING,Europe,Europe
2020,2-MI,"[50 000, 100 000[",100,S,DATA SCIENCE,Europe,Europe
2021,3-SE,"[50 000, 100 000[",50,L,DATA ENGINEERING,Europe,Europe
2021,2-MI,"[50 000, 100 000[",50,L,DATA ENGINEERING,Europe,Europe
2020,3-SE,"[100 000, 150 000[",50,M,DATA ARCHITECTURE,Europe,Europe
2021,2-MI,"[50 000, 100 000[",50,L,DATA SCIENCE,Europe,Europe
2021,2-MI,"[100 000, 150 000[",50,L,DATA SCIENCE,Europe,Europe
2021,3-SE,"[50 000, 100 000[",50,L,DATA ANALYSIS,Europe,Europe
2021,2-MI,"[50 000, 100 000[",50,L,DATA SCIENCE,Americas,Europe
2020,3-SE,"[100 000, 150 000[",100,S,DATA ARCHITECTURE,Europe,Europe
2022,2-MI,"[0,50 000[",100,L,DATA SCIENCE,Europe,Europe
2021,2-MI,"[0,50 000[",100,L,DATA ENGINEERING,Europe,Europe
2021,2-MI,"[0,50 000[",100,L,ML ENGINEERING,Europe,Europe
2021,2-MI,"[50 000, 100 000[",50,S,DATA ENGINEERING,Europe,Asia
2022,3-SE,"[50 000, 100 000[",50,S,ML ENGINEERING,Europe,Europe
2021,1-EN,"[0,50 000[",100,L,ML ENGINEERING,Asia,Asia
2022,2-MI,"[50 000, 100 000[",50,L,DATA SCIENCE,Europe,Europe
2022,2-MI,"[50 000, 100 000[",100,S,DATA SCIENCE,Europe,Europe
2022,2-MI,"[100 000, 150 000[",0,M,DATA SCIENCE,Europe,Europe
2022,2-MI,"[50 000, 100 000[",0,M,DATA SCIENCE,Europe,Europe
2022,4-EX,"[50 000, 100 000[",0,L,DATA SCIENCE,Europe,Europe
2022,3-SE,"[50 000, 100 000[",100,L,ML ENGINEERING,Europe,Europe
2020,1-EN,"[0,50 000[",50,L,DATA SCIENCE,Europe,Europe
2021,2-MI,"[0,50 000[",100,L,DATA ENGINEERING,Europe,Europe
2021,1-EN,"[50 000, 100 000[",100,S,ML ENGINEERING,Europe,Europe
2021,2-MI,"[0,50 000[",100,S,DATA SCIENCE,Europe,Europe
2020,1-EN,"[0,50 000[",50,S,DATA SCIENCE,Europe,Europe
2022,1-EN,"[0,50 000[",0,L,DATA ARCHITECTURE,Europe,Europe
2022,1-EN,"[50 000, 100 000[",100,L,DATA SCIENCE,Europe,Europe
2022,1-EN,"[50 000, 100 000[",50,S,DATA SCIENCE,Europe,Europe
2021,3-SE,"[50 000, 100 000[",50,M,ML ENGINEERING,Europe,Europe
2021,2-MI,"[50 000, 100 000[",100,M,ML ENGINEERING,Europe,Europe
2022,1-EN,"[0,50 000[",0,L,DATA ANALYSIS,Asia,Asia
2022,1-EN,"[50 000, 100 000[",50,M,DATA SCIENCE,Europe,Europe
2022,2-MI,"[50 000, 100 000[",0,L,DATA SCIENCE,Europe,Europe
2020,2-MI,"[50 000, 100 000[",50,L,DATA ENGINEERING,Europe,Europe
2020,3-SE,"[50 000, 100 000[",0,S,DATA SCIENCE,Europe,Europe
2022,2-MI,"[0,50 000[",50,M,DATA SCIENCE,Asia,Asia
2021,2-MI,"[0,50 000[",0,M,DATA ENGINEERING,Asia,Asia
2021,3-SE,"[0,50 000[",50,L,DATA SCIENCE,Asia,Asia
2021,2-MI,"[0,50 000[",100,M,DATA ENGINEERING,Asia,Asia
2022,2-MI,"[50 000, 100 000[",50,M,DATA ANALYSIS,Asia,Asia
2021,2-MI,"[50 000, 100 000[",50,L,DATA ENGINEERING,Asia,Asia
2021,2-MI,"[100 000, 150 000[",100,M,DATA SCIENCE,Asia,Asia
2020,3-SE,"[0,50 000[",0,S,DATA ENGINEERING,Americas,Americas
2021,2-MI,"[0,50 000[",0,S,DATA SCIENCE,Americas,Americas
2022,3-SE,"[100 000, 150 000[",100,S,ML ENGINEERING,Asia,Asia
2022,3-SE,"[50 000, 100 000[",100,S,ML ENGINEERING,Asia,Asia
2020,2-MI,"[100 000, 150 000[",0,L,DATA SCIENCE,Asia,Asia
2022,3-SE,"[50 000, 100 000[",100,S,ML ENGINEERING,Europe,Europe
2021,1-EN,"[50 000, 100 000[",100,L,DATA ANALYSIS,Europe,Europe
2021,3-SE,"[100 000, 150 000[",100,L,DATA SCIENCE,Europe,Europe
2021,2-MI,"[0,50 000[",50,L,ML ENGINEERING,Europe,Europe
2022,1-EN,"[0,50 000[",100,L,DATA SCIENCE,Asia,Asia
2021,2-MI,"[50 000, 100 000[",50,S,ML ENGINEERING,Asia,Asia
2021,2-MI,"[50 000, 100 000[",50,S,ML ENGINEERING,Asia,Asia
2020,3-SE,"[250 000, 300 000[",0,S,ML ENGINEERING,Asia,Asia
2020,1-EN,"[0,50 000[",100,S,DATA ENGINEERING,Asia,Asia
2021,2-MI,"[50 000, 100 000[",50,S,ML ENGINEERING,Asia,Asia
2021,3-SE,"[150 000, 200 000[",0,S,DATA SCIENCE,Asia,Asia
2022,2-MI,"[0,50 000[",100,S,DATA SCIENCE,Europe,Europe
2020,2-MI,"[0,50 000[",0,S,DATA ANALYSIS,Americas,Americas
2021,2-MI,"[50 000, 100 000[",50,L,DATA SCIENCE,Europe,Europe
2022,2-MI,"[100 000, 150 000[",0,L,DATA SCIENCE,Europe,Europe
2021,1-EN,"[100 000, 150 000[",50,S,ML ENGINEERING,Asia,Asia
2021,1-EN,"[0,50 000[",100,L,DATA SCIENCE,Europe,Europe
2021,1-EN,"[100 000, 150 000[",0,L,DATA SCIENCE,Asia,Europe
2020,2-MI,"[0,50 000[",0,M,ML ENGINEERING,Asia,Asia
2021,1-EN,"[0,50 000[",50,M,ML ENGINEERING,Americas,Americas
2021,2-MI,"[0,50 000[",100,M,DATA ENGINEERING,Asia,Asia
2021,2-MI,"[0,50 000[",0,S,DATA ARCHITECTURE,Europe,Europe
2020,3-SE,"[0,50 000[",100,S,ML ENGINEERING,Europe,Europe
2021,2-MI,"[0,50 000[",50,L,DATA ENGINEERING,Europe,Europe
